{"_step":9,"loss":4.9310302734375,"logits_loss":4.9310302734375,"aux_loss":0,"_timestamp":1.7814102307380872e+09,"_wandb":{"runtime":217},"epoch_time":32,"_runtime":217,"learning_rate":0.000488819817947431}