{"_runtime": 10, "logits_loss": 7.261199474334717, "aux_loss": 0, "learning_rate": 0.0004995491898670426, "epoch_time": 5, "_timestamp": 1781407708.8424482, "_step": 1, "loss": 7.261199474334717}