{"_runtime":47,"learning_rate":0.0004992957060559986,"_timestamp":1.7813907154155514e+09,"epoch_time":29,"aux_loss":0,"_step":9,"logits_loss":5.24869966506958,"_wandb":{"runtime":47},"loss":5.24869966506958}