{"_timestamp":1.7814109468808198e+09,"epoch_time":30,"_runtime":207,"_step":9,"_wandb":{"runtime":207},"aux_loss":0,"learning_rate":0.000488819817947431,"loss":4.754035472869873,"logits_loss":4.754035472869873}