{"_runtime": 129, "_step": 9, "loss": 4.878402233123779, "logits_loss": 4.878402233123779, "aux_loss": 0, "learning_rate": 0.000488819817947431, "epoch_time": 19, "_timestamp": 1781408441.8628466}