{"learning_rate":0.000488819817947431,"_timestamp":1.7814114280388253e+09,"epoch_time":37,"loss":4.494307518005371,"_wandb":{"runtime":255},"_runtime":255,"_step":9,"logits_loss":4.494307518005371,"aux_loss":0}