{"loss":3.024956226348877,"_wandb":{"runtime":639},"_runtime":639.468287375,"avg_loss":3.3066550072375964,"_timestamp":1.7818966577876678e+09,"_step":39600}