{"_runtime": 58, "_timestamp": 1781408309.5908728, "_step": 9, "loss": 5.539901256561279, "logits_loss": 5.539901256561279, "aux_loss": 0, "learning_rate": 0.000488819817947431, "epoch_time": 8}