{"_wandb":{"runtime":220},"logits_loss":4.706353664398193,"_runtime":220,"_step":9,"loss":4.706353664398193,"aux_loss":0,"learning_rate":0.000488819817947431,"epoch_time":32,"_timestamp":1.7814100084436102e+09}