{"_timestamp":1.7814111681629684e+09,"_wandb":{"runtime":217},"_step":9,"logits_loss":4.646657466888428,"_runtime":217,"aux_loss":0,"epoch_time":32,"learning_rate":0.000488819817947431,"loss":4.646657466888428}