{"_step":39600,"loss":2.9358913898468018,"avg_loss":3.222151796828797,"_wandb":{"runtime":3227},"_runtime":3227.410060765,"_timestamp":1.7819002481620045e+09}