{"logits_loss":6.015507221221924,"learning_rate":0.004888198179474309,"_runtime":228,"_step":9,"aux_loss":0,"loss":6.015507221221924,"epoch_time":33,"_timestamp":1.7813878518838954e+09,"_wandb":{"runtime":228}}