{"logits_loss":5.062252044677734,"aux_loss":0,"_wandb":{"runtime":228},"loss":5.062252044677734,"_step":9,"learning_rate":0.000977639635894862,"_timestamp":1.7813898482608685e+09,"epoch_time":33,"_runtime":228}