{"_runtime": 30, "epoch_time": 35, "_timestamp": 1781407737.317873, "_step": 0, "loss": 7.28009033203125, "logits_loss": 7.28009033203125, "aux_loss": 0, "learning_rate": 0.0004998872692262554}