{"_runtime":1071,"_wandb":{"runtime":1071},"_timestamp":1.7813857350973823e+09,"loss":2.4461100101470947,"logits_loss":2.4461100101470947,"learning_rate":0.00029364012797289315,"_step":46,"aux_loss":0,"epoch_time":19}