{"_timestamp":1.7814097832258213e+09,"_wandb":{"runtime":253},"logits_loss":4.604238033294678,"_runtime":253,"learning_rate":0.000488819817947431,"_step":9,"epoch_time":37,"loss":4.604238033294678,"aux_loss":0}