{"_timestamp":1.781388089042804e+09,"aux_loss":0,"_wandb":{"runtime":232},"_step":9,"learning_rate":0.048881981794743096,"_runtime":232,"epoch_time":33,"logits_loss":7.1539106369018555,"loss":7.1539106369018555}