{"_wandb":{"runtime":228},"aux_loss":0,"_runtime":228,"learning_rate":0.000488819817947431,"logits_loss":4.487715244293213,"epoch_time":33,"_step":9,"loss":4.487715244293213,"_timestamp":1.7813896153211265e+09}