{"_step":0,"loss":8.828758239746094,"_wandb":{"runtime":49},"_runtime":49.666898105,"avg_loss":8.828758239746094,"_timestamp":1.781914360649982e+09}