{"logits_loss":7.388192653656006,"learning_rate":9.776396358948618e-06,"_step":9,"epoch_time":33,"_runtime":225,"aux_loss":0,"_wandb":{"runtime":225},"loss":7.388192653656006,"_timestamp":1.781387386515316e+09}