{"_timestamp":1.7814124990738134e+09,"_runtime":391,"loss":5.121882915496826,"epoch_time":58,"learning_rate":0.000488819817947431,"_wandb":{"runtime":391},"logits_loss":5.121882915496826,"_step":9,"aux_loss":0}