{"_runtime":227,"_wandb":{"runtime":227},"_timestamp":1.7813909468651357e+09,"_step":9,"loss":4.5007405281066895,"logits_loss":4.5007405281066895,"aux_loss":0,"learning_rate":0.000488819817947431,"epoch_time":33}