{"_timestamp":1.7819134315005462e+09,"val_loss":2.3712587356567383,"_step":37700,"loss":2.5858523845672607,"_wandb":{"runtime":12747},"_runtime":12747.679649742,"avg_loss":2.901868401855971}