{"aux_loss":0,"epoch_time":33,"loss":4.519468307495117,"learning_rate":0.0002932918907684585,"_wandb":{"runtime":233},"_timestamp":1.7813893828618226e+09,"_runtime":233,"_step":9,"logits_loss":4.519468307495117}