{"_wandb":{"runtime":965},"epoch_time":23,"logits_loss":4.283340930938721,"_timestamp":1.7813919166409414e+09,"_step":9,"loss":4.283340930938721,"_runtime":965,"aux_loss":0,"learning_rate":0.0003424663078045122}