{"_timestamp":1.7813891453781571e+09,"logits_loss":5.504898548126221,"loss":5.504898548126221,"_wandb":{"runtime":225},"aux_loss":0,"learning_rate":9.776396358948619e-05,"_runtime":225,"_step":9,"epoch_time":33}