{"_runtime":228,"aux_loss":0,"_timestamp":1.78138761898635e+09,"loss":4.509588241577148,"logits_loss":4.509588241577148,"_step":9,"epoch_time":33,"learning_rate":0.000488819817947431,"_wandb":{"runtime":228}}