{"epoch_time":28,"_timestamp":1.7814118400482285e+09,"learning_rate":0.000488819817947431,"_step":9,"loss":4.4755120277404785,"_runtime":195,"aux_loss":0,"_wandb":{"runtime":195},"logits_loss":4.4755120277404785}