{"_runtime": 78, "_timestamp": 1781407798.4979763, "_step": 0, "loss": 7.395993232727051, "logits_loss": 7.395993232727051, "aux_loss": 0, "learning_rate": 0.0004998872692262554, "epoch_time": 78}