{"_timestamp":1.7814116405835047e+09,"_runtime":182,"logits_loss":4.4707417488098145,"aux_loss":0,"epoch_time":26,"_wandb":{"runtime":182},"_step":9,"loss":4.4707417488098145,"learning_rate":0.000488819817947431}