{"_runtime": 335, "learning_rate": 0.000488819817947431, "epoch_time": 49, "_timestamp": 1781408780.0704863, "_step": 9, "loss": 4.402952671051025, "logits_loss": 4.402952671051025, "aux_loss": 0}