{"_runtime":259,"aux_loss":0,"logits_loss":4.569281101226807,"_timestamp":1.7814121032330937e+09,"_step":9,"_wandb":{"runtime":259},"learning_rate":0.000488819817947431,"epoch_time":38,"loss":4.569281101226807}